Sr.No,Roll No.,Name of the Student,Q1(5),Q2(5),Q3(5),Q4(5),Total(20),Q1(5).1,Q2(5).1,Q3(5).1,Q4(5).1,Total(20).1,Total,Total.1,CO1_Sum,CO2_Sum,CO3_Sum,CO4_Sum,CO5_Sum,CO6_Sum
1,8565,ROBIN JOSEPH THOMAS,0.0,3.0,2.0,3.0,8.0,3.0,3.0,2.0,0.0,8,8.0,8.0,6.0,2.0,3.0,2.0,2.0,3.0
2,8574,SHUKLA VISHWA KIRAN,5.0,5.0,4.0,2.0,16.0,5.0,3.0,2.0,3.0,13,16.0,13.0,12.0,4.0,5.0,4.0,2.0,2.0
3,8796,BHATTACHARJEE ABHISHEK ,5.0,5.0,0.0,3.0,13.0,2.0,4.0,3.0,4.0,13,13.0,13.0,10.0,0.0,7.0,0.0,3.0,3.0
4,8797,BINDROO SPARSH,5.0,5.0,3.0,3.0,16.0,5.0,3.0,3.0,4.0,15,16.0,15.0,13.0,3.0,7.0,3.0,3.0,3.0
5,8798,BOBADE ANUSHKA KIRAN,5.0,5.0,3.0,2.0,15.0,5.0,4.0,4.0,2.0,15,15.0,15.0,12.0,3.0,4.0,3.0,4.0,2.0
6,8799,CARVALHO AARON AJAY,4.0,4.0,3.0,3.0,14.0,4.0,5.0,3.0,4.0,16,14.0,16.0,11.0,3.0,7.0,3.0,3.0,3.0
7,8800,CHAURASIA ADITYA ,4.0,5.0,3.0,4.0,16.0,5.0,2.0,3.0,0.0,10,16.0,10.0,13.0,3.0,4.0,3.0,3.0,4.0
8,8801,CHAWATHE ARNAV SATEJ,5.0,5.0,3.0,4.0,17.0,5.0,2.0,3.0,4.0,14,17.0,14.0,14.0,3.0,8.0,3.0,3.0,4.0
9,8802,DSOUZA ADROIT ROBERT,4.0,4.0,3.0,3.0,14.0,0.0,3.0,3.0,4.0,10,14.0,10.0,7.0,3.0,7.0,3.0,3.0,3.0
10,8803,DSOUZA DEON NORBERT,5.0,5.0,3.0,3.0,16.0,5.0,4.0,2.0,4.0,15,16.0,15.0,13.0,3.0,7.0,3.0,2.0,3.0
11,8804,DSOUZA SHERWIN RAKESH,5.0,5.0,3.0,3.0,16.0,5.0,4.0,3.0,4.0,16,16.0,16.0,13.0,3.0,7.0,3.0,3.0,3.0
12,8805,FALCAO BENHUR NEIL,5.0,5.0,3.0,0.0,13.0,5.0,5.0,0.0,3.0,13,13.0,13.0,10.0,3.0,3.0,3.0,0.0,0.0
13,8806,FERNANDES BRYCEN CAMILLO,5.0,5.0,3.0,3.0,16.0,5.0,3.0,2.0,4.0,14,16.0,14.0,13.0,3.0,7.0,3.0,2.0,3.0
14,8809,KANJILAL PRAMIT TIRTHANKAR,4.0,5.0,4.0,4.0,17.0,5.0,5.0,3.0,4.0,17,17.0,17.0,13.0,4.0,8.0,4.0,3.0,4.0
15,8810,KHAN MOHD ZEESHAN,5.0,4.0,3.0,2.0,14.0,5.0,2.0,2.0,4.0,13,14.0,13.0,12.0,3.0,6.0,3.0,2.0,2.0
16,8811,KODIPARAMBIL MIGAEL FRANCIS,4.0,5.0,3.0,2.0,14.0,5.0,5.0,3.0,4.0,17,14.0,17.0,11.0,3.0,6.0,3.0,3.0,2.0
17,8812,KSHATRIYA SIDDHESH VIKAS,4.0,5.0,3.0,4.0,16.0,5.0,2.0,3.0,0.0,10,16.0,10.0,13.0,3.0,4.0,3.0,3.0,4.0
18,8813,M JYOTHIS SHAJAN,5.0,4.0,4.0,4.0,17.0,5.0,4.0,3.0,4.0,16,17.0,16.0,14.0,4.0,8.0,4.0,3.0,4.0
19,8814,MACHADO NEIL DILIP,5.0,5.0,5.0,5.0,20.0,5.0,5.0,5.0,4.0,19,20.0,19.0,15.0,5.0,9.0,5.0,5.0,5.0
20,8815,MAHIMKAR SAHIL PRALHAD,4.0,4.0,4.0,4.0,16.0,5.0,5.0,3.0,1.0,14,16.0,14.0,13.0,4.0,5.0,4.0,3.0,4.0
21,8816,MANUEL GAUTAM SHIBU,5.0,4.0,3.0,4.0,16.0,5.0,3.0,3.0,4.0,15,16.0,15.0,14.0,3.0,8.0,3.0,3.0,4.0
22,8817,MARIPPANVRU MAX JOHNSON,4.0,5.0,4.0,4.0,17.0,5.0,4.0,5.0,3.0,17,17.0,17.0,13.0,4.0,7.0,4.0,5.0,4.0
23,8818,MINDE ADWAIT NITIN,5.0,5.0,4.0,4.0,18.0,5.0,3.0,3.0,4.0,15,18.0,15.0,14.0,4.0,8.0,4.0,3.0,4.0
24,8819,MUNDYE AASHAY PRATISH,4.0,4.0,3.0,3.0,14.0,5.0,5.0,3.0,3.0,16,14.0,16.0,12.0,3.0,6.0,3.0,3.0,3.0
25,8820,NAIR ROHIT RISHIKESAN,5.0,5.0,4.0,5.0,19.0,5.0,2.0,2.0,4.0,13,19.0,13.0,15.0,4.0,9.0,4.0,2.0,5.0
26,8821,PADU RENDELL ROCKY,5.0,5.0,5.0,2.0,17.0,5.0,3.0,2.0,4.0,14,17.0,14.0,12.0,5.0,6.0,5.0,2.0,2.0
27,8822,PAKHARE SHALOM RICHARD,4.0,5.0,5.0,2.0,16.0,5.0,5.0,2.0,4.0,16,16.0,16.0,11.0,5.0,6.0,5.0,2.0,2.0
28,8823,PALAK JOSEPH,5.0,5.0,5.0,2.0,17.0,5.0,5.0,3.0,4.0,17,17.0,17.0,12.0,5.0,6.0,5.0,3.0,2.0
29,8824,PARKHE TANISHA JOHN,4.0,2.0,5.0,4.0,15.0,0.0,0.0,0.0,4.0,4,15.0,4.0,8.0,5.0,8.0,5.0,0.0,4.0
30,8825,PATIL JAYDEEP TUSHAR,4.0,2.0,3.0,5.0,14.0,4.0,4.0,3.0,4.0,15,14.0,15.0,13.0,3.0,9.0,3.0,3.0,5.0
31,8826,PATIL OMKAR CHANDRASHEKHAR,4.0,5.0,0.0,1.0,10.0,5.0,3.0,2.0,0.0,10,10.0,10.0,10.0,0.0,1.0,0.0,2.0,1.0
32,8827,PATIL SIDDHESH SHREEKANT,4.0,4.0,2.0,3.0,13.0,5.0,5.0,3.0,3.0,16,13.0,16.0,12.0,2.0,6.0,2.0,3.0,3.0
33,8828,PEREIRA GRACE CLEMENT,5.0,4.0,3.0,4.0,16.0,5.0,3.0,2.0,3.0,13,16.0,13.0,14.0,3.0,7.0,3.0,2.0,4.0
34,8829,PHILIP MICAH,5.0,4.0,4.0,3.0,16.0,3.0,3.0,3.0,3.0,12,16.0,12.0,11.0,4.0,6.0,4.0,3.0,3.0
35,8830,PINTO ANDREA MELWYN,5.0,5.0,3.0,4.0,17.0,5.0,2.0,5.0,4.0,16,17.0,16.0,14.0,3.0,8.0,3.0,5.0,4.0
36,8831,PINTO EMMANUEL NEIL,5.0,3.0,5.0,2.0,15.0,5.0,5.0,3.0,3.0,16,15.0,16.0,12.0,5.0,5.0,5.0,3.0,2.0
37,8832,RAJBHAR ABHAY DEEPCHAND,4.0,4.0,3.0,4.0,15.0,5.0,4.0,4.0,0.0,13,15.0,13.0,13.0,3.0,4.0,3.0,4.0,4.0
38,8833,RANGUCHA YASH BHALCHANDRA,4.0,4.0,3.0,2.0,13.0,5.0,3.0,2.0,4.0,14,13.0,14.0,11.0,3.0,6.0,3.0,2.0,2.0
39,8834,RANGWALA MUFADDAL JUZAR,4.0,5.0,3.0,4.0,16.0,5.0,2.0,3.0,4.0,14,16.0,14.0,13.0,3.0,8.0,3.0,3.0,4.0
40,8835,RODRIGUES NATHANEAL MARIO,4.0,5.0,3.0,4.0,16.0,5.0,3.0,2.0,4.0,14,16.0,14.0,13.0,3.0,8.0,3.0,2.0,4.0
41,8836,RODRIGUES RAINER SAHIL,2.0,3.0,3.0,2.0,10.0,3.0,2.0,3.0,0.0,8,10.0,8.0,7.0,3.0,2.0,3.0,3.0,2.0
42,8837,SHANBHAG SUSHANT RAMANAND,5.0,5.0,5.0,5.0,20.0,4.0,4.0,3.0,0.0,11,20.0,11.0,14.0,5.0,5.0,5.0,3.0,5.0
43,8838,SHARMA DANISH KUMAR,4.0,5.0,0.0,5.0,14.0,5.0,3.0,3.0,0.0,11,14.0,11.0,14.0,0.0,5.0,0.0,3.0,5.0
44,8839,SHARVIN SUNNY,4.0,4.0,0.0,4.0,12.0,5.0,2.0,3.0,4.0,14,12.0,14.0,13.0,0.0,8.0,0.0,3.0,4.0
45,8840,SHELKE VINAY RAMESH,4.0,5.0,3.0,4.0,16.0,5.0,5.0,3.0,3.0,16,16.0,16.0,13.0,3.0,7.0,3.0,3.0,4.0
46,8842,SHIBU MATHEW,5.0,5.0,3.0,5.0,18.0,5.0,5.0,3.0,4.0,17,18.0,17.0,15.0,3.0,9.0,3.0,3.0,5.0
47,8843,SHREEDHAR VISWANATH,5.0,5.0,3.0,5.0,18.0,5.0,2.0,3.0,3.0,13,18.0,13.0,15.0,3.0,8.0,3.0,3.0,5.0
48,8844,SINGH AMANDEEP JASVINDER,4.0,5.0,0.0,4.0,13.0,3.0,3.0,3.0,3.0,12,13.0,12.0,11.0,0.0,7.0,0.0,3.0,4.0
49,8845,SONI HARSH PRAVIN,4.0,5.0,3.0,3.0,15.0,5.0,2.0,3.0,3.0,13,15.0,13.0,12.0,3.0,6.0,3.0,3.0,3.0
50,8846,TANDON DIVYANSHU RAVI,4.0,5.0,0.0,4.0,13.0,5.0,3.0,3.0,3.0,14,13.0,14.0,13.0,0.0,7.0,0.0,3.0,4.0
51,8847,THAKOR SPANDAN SANDIP,5.0,5.0,3.0,3.0,16.0,5.0,4.0,4.0,1.0,14,16.0,14.0,13.0,3.0,4.0,3.0,4.0,3.0
52,8848,SHARON SHAJAN,4.0,5.0,5.0,3.0,17.0,5.0,3.0,3.0,3.0,14,17.0,14.0,12.0,5.0,6.0,5.0,3.0,3.0
53,8850,WABLE SAURABH ARJUN,5.0,5.0,3.0,3.0,16.0,0.0,2.0,3.0,3.0,8,16.0,8.0,8.0,3.0,6.0,3.0,3.0,3.0
54,8851,YERUNKAR RUTIK RAJENDRA,4.0,3.0,5.0,0.0,12.0,5.0,3.0,2.0,4.0,14,12.0,14.0,9.0,5.0,4.0,5.0,2.0,0.0
55,8996,GURAV MAYUR MANGESH,4.0,3.0,5.0,4.0,16.0,5.0,4.0,3.0,3.0,15,16.0,15.0,13.0,5.0,7.0,5.0,3.0,4.0
56,9021,SHAIKH SADIYA SALIM,5.0,4.0,2.0,4.0,15.0,5.0,4.0,3.0,4.0,16,15.0,16.0,14.0,2.0,8.0,2.0,3.0,4.0
57,9034,KARKERA NIRMIT SHEKAR,4.0,4.0,5.0,4.0,17.0,5.0,4.0,5.0,4.0,18,17.0,18.0,13.0,5.0,8.0,5.0,5.0,4.0
58,9067,ATHANI ABHISHEK RAVINDRA,4.0,4.0,3.0,4.0,15.0,5.0,3.0,2.0,3.0,13,15.0,13.0,13.0,3.0,7.0,3.0,2.0,4.0
59,9068,BAIG RIZWAN NIHAL,3.0,5.0,3.0,3.0,14.0,5.0,4.0,3.0,3.0,15,14.0,15.0,11.0,3.0,6.0,3.0,3.0,3.0
60,9069,CORREIA BLAISE SIMON,3.0,4.0,5.0,4.0,16.0,5.0,3.0,3.0,2.0,13,16.0,13.0,12.0,5.0,6.0,5.0,3.0,4.0
61,9070,GANGAWANE SIDDHANT ,4.0,0.0,0.0,0.0,4.0,3.0,2.0,2.0,0.0,7,4.0,7.0,7.0,0.0,0.0,0.0,2.0,0.0
62,9071,JOSHI ATHARVA ATUL,5.0,3.0,3.0,4.0,15.0,5.0,5.0,3.0,0.0,13,15.0,13.0,14.0,3.0,4.0,3.0,3.0,4.0
63,9072,KANAPARTHY MAINA ,4.0,3.0,4.0,4.0,15.0,4.0,4.0,3.0,0.0,11,15.0,11.0,12.0,4.0,4.0,4.0,3.0,4.0
64,9073,KAR ARPITA APURBA,5.0,5.0,5.0,3.0,18.0,5.0,5.0,3.0,4.0,17,18.0,17.0,13.0,5.0,7.0,5.0,3.0,3.0
65,9074,MHADE SIDDHARTH SHASHIKANT,4.0,4.0,3.0,3.0,14.0,5.0,4.0,3.0,2.0,14,14.0,14.0,12.0,3.0,5.0,3.0,3.0,3.0
66,9075,PARMAR DARSHAL MAHESH,5.0,5.0,3.0,3.0,16.0,4.0,4.0,2.0,3.0,13,16.0,13.0,12.0,3.0,6.0,3.0,2.0,3.0
67,9076,PARMAR SACHIN KALURAM,5.0,5.0,3.0,2.0,15.0,3.0,4.0,3.0,4.0,14,15.0,14.0,10.0,3.0,6.0,3.0,3.0,2.0
68,9077,PATHARE AJINKYA VIKAS,5.0,5.0,5.0,4.0,19.0,5.0,5.0,3.0,3.0,16,19.0,16.0,14.0,5.0,7.0,5.0,3.0,4.0
69,9078,SHAIKH FAZIL JAVEED,4.0,1.0,5.0,4.0,14.0,5.0,4.0,3.0,3.0,15,14.0,15.0,13.0,5.0,7.0,5.0,3.0,4.0
70,9079,SHAIKH MOINUDDIN IQBAL,4.0,2.0,4.0,2.0,12.0,4.0,3.0,3.0,3.0,13,12.0,13.0,10.0,4.0,5.0,4.0,3.0,2.0
15,15,15,15.0,15.0,15.0,15.0,60.0,15.0,15.0,15.0,15.0,15,60.0,60.0,45.0,15.0,30.0,15.0,15.0,15.0
